{"cameraMode":{"drawMode":0,"name":"Shaded","section":"Shading Mode"},"sceneLighting":true,"audioPlay":false,"sceneViewState":{"m_AlwaysRefresh":false,"showFog":true,"showSkybox":true,"showFlares":true,"showImageEffects":true,"showParticleSystems":true,"showVisualEffectGraphs":true,"m_FxEnabled":true},"in2DMode":false,"pivot":{"x":85.16171264648438,"y":26.857776641845704,"z":10.660176277160645},"rotation":{"x":-0.16714560985565186,"y":0.10066791623830795,"z":-0.017157241702079774,"w":-0.9806342124938965},"size":82.49868774414063,"orthographic":false}