{"cameraMode":{"drawMode":0,"name":"Shaded","section":"Shading Mode"},"sceneLighting":true,"audioPlay":false,"sceneViewState":{"m_AlwaysRefresh":false,"showFog":true,"showSkybox":true,"showFlares":true,"showImageEffects":true,"showParticleSystems":true,"showVisualEffectGraphs":true,"m_FxEnabled":true},"in2DMode":false,"pivot":{"x":4.5030317306518559,"y":1.4316816329956055,"z":-4.953285217285156},"rotation":{"x":0.20611530542373658,"y":-0.08997972309589386,"z":0.019037457183003427,"w":0.9741961359977722},"size":9.532458305358887,"orthographic":false}