{"cameraMode":{"drawMode":0,"name":"Shaded","section":"Shading Mode"},"sceneLighting":true,"audioPlay":false,"sceneViewState":{"m_AlwaysRefresh":false,"showFog":true,"showSkybox":true,"showFlares":true,"showImageEffects":true,"showParticleSystems":true,"showVisualEffectGraphs":true,"m_FxEnabled":true},"in2DMode":false,"pivot":{"x":0.17013168334960938,"y":2.619999885559082,"z":-14.639999389648438},"rotation":{"x":-0.13985753059387208,"y":0.009204301983118058,"z":-0.0013002423802390695,"w":-0.9901289939880371},"size":12.12435531616211,"orthographic":false}