{"cameraMode":{"drawMode":0,"name":"Shaded","section":"Shading Mode"},"sceneLighting":true,"audioPlay":false,"sceneViewState":{"m_AlwaysRefresh":false,"showFog":true,"showSkybox":true,"showFlares":true,"showImageEffects":true,"showParticleSystems":true,"showVisualEffectGraphs":true,"m_FxEnabled":true},"in2DMode":false,"pivot":{"x":166.57305908203126,"y":1.2662742137908936,"z":-38.76741409301758},"rotation":{"x":0.11296216398477555,"y":-0.058093465864658359,"z":0.006612546741962433,"w":0.9918846487998962},"size":12.561945915222168,"orthographic":true}